tanggal,jenis_bebek,populasi_ratu,populasi_air,populasi_total,kepadatan_kandang,pakan_kg,kondisi_cuaca,suhu,kelembapan,curah_hujan,usia_ratu_bulan,usia_air_bulan,produksi_telur
2023-01-01,Bebek Ratu + Bebek Air,1600,400,2000,4.0,22.0,Normal,28.9,68.5,5.8,18,15,1812
2023-01-03,Bebek Ratu + Bebek Air,1600,400,2000,4.0,28.8,Hujan,23.2,97.7,17.0,18,15,635
2023-01-04,Bebek Ratu + Bebek Air,1600,400,2000,4.0,24.4,Normal,29.5,66.7,0.2,18,15,1914
2023-01-06,Bebek Ratu + Bebek Air,1600,400,2000,4.0,24.6,Normal,30.4,66.4,7.0,18,15,2177
2023-01-07,Bebek Ratu + Bebek Air,1600,400,2000,4.0,23.0,Normal,29.9,63.9,5.8,18,15,2146
2023-01-08,Bebek Ratu + Bebek Air,1600,400,2000,4.0,29.8,Hujan,23.1,96.4,47.4,18,15,669
2023-01-10,Bebek Ratu + Bebek Air,1600,400,2000,4.0,24.2,Normal,29.4,63.7,9.8,18,15,2102
2023-01-11,Bebek Ratu + Bebek Air,1600,400,2000,4.0,22.6,Normal,28.7,68.5,8.7,18,15,1816
2023-01-13,Bebek Ratu + Bebek Air,1600,400,2000,4.0,21.7,Normal,29.7,65.4,0.5,18,15,1847
2023-01-24,Bebek Ratu + Bebek Air,1600,400,2000,4.0,22.0,Normal,30.1,63.0,3.3,18,15,1919
2023-01-26,Bebek Ratu + Bebek Air,1600,400,2000,4.0,28.0,Hujan,23.3,97.5,24.5,18,15,677
2023-01-30,Bebek Ratu + Bebek Air,1600,400,2000,4.0,22.3,Normal,30.0,65.7,2.2,18,15,2087
2023-01-31,Bebek Ratu + Bebek Air,1600,400,2000,4.0,22.1,Normal,28.8,64.1,5.0,18,15,2166
2023-02-01,Bebek Ratu + Bebek Air,1600,400,2000,4.0,28.9,Hujan,23.9,94.2,33.6,19,16,689
2023-02-03,Bebek Ratu + Bebek Air,1600,400,2000,4.0,29.9,Hujan,22.5,96.0,17.9,19,16,653
2023-02-09,Bebek Ratu + Bebek Air,1600,400,2000,4.0,25.0,Normal,28.8,65.5,0.9,19,16,2029
2023-02-13,Bebek Ratu + Bebek Air,1600,400,2000,4.0,29.2,Hujan,23.3,95.6,13.6,19,16,635
2023-02-14,Bebek Ratu + Bebek Air,1600,400,2000,4.0,21.0,Normal,28.9,68.4,2.1,19,16,2188
2023-02-19,Bebek Ratu + Bebek Air,1600,400,2000,4.0,20.3,Normal,28.6,65.8,5.6,19,16,2157
2023-02-21,Bebek Ratu + Bebek Air,1600,400,2000,4.0,22.2,Normal,30.1,65.7,5.2,19,16,1974
2023-02-24,Bebek Ratu + Bebek Air,1600,400,2000,4.0,20.9,Normal,29.3,66.4,1.6,19,16,1879
2023-02-25,Bebek Ratu + Bebek Air,1600,400,2000,4.0,21.4,Normal,30.2,68.7,3.7,19,16,2190
2023-02-26,Bebek Ratu + Bebek Air,1600,400,2000,4.0,20.8,Normal,29.8,65.5,0.3,19,16,1852
2023-02-28,Bebek Ratu + Bebek Air,1600,400,2000,4.0,21.1,Normal,29.9,67.0,0.3,19,16,1994
2023-03-01,Bebek Ratu + Bebek Air,1600,400,2000,4.0,20.5,Normal,29.0,67.0,0.2,20,17,1983
2023-03-02,Bebek Ratu + Bebek Air,1600,400,2000,4.0,21.2,Normal,30.1,64.1,6.5,20,17,2109
2023-03-05,Bebek Ratu + Bebek Air,1600,400,2000,4.0,24.3,Normal,28.7,64.5,7.2,20,17,1822
2023-03-07,Bebek Ratu + Bebek Air,1600,400,2000,4.0,27.6,Hujan,23.7,94.4,37.1,20,17,658
2023-03-08,Bebek Ratu + Bebek Air,1600,400,2000,4.0,27.3,Hujan,22.9,97.4,11.5,20,17,615
2023-03-09,Bebek Ratu + Bebek Air,1600,400,2000,4.0,22.9,Normal,28.9,63.2,1.8,20,17,1840
2023-03-11,Bebek Ratu + Bebek Air,1600,400,2000,4.0,28.0,Hujan,23.1,97.4,42.9,20,17,637
2023-03-12,Bebek Ratu + Bebek Air,1600,400,2000,4.0,27.8,Hujan,22.9,94.3,34.0,20,17,679
2023-03-13,Bebek Ratu + Bebek Air,1600,400,2000,4.0,22.2,Normal,29.7,65.5,5.5,20,17,2095
2023-03-14,Bebek Ratu + Bebek Air,1600,400,2000,4.0,20.7,Normal,29.1,68.7,7.6,20,17,2160
2023-03-18,Bebek Ratu + Bebek Air,1600,400,2000,4.0,24.0,Normal,30.2,65.9,8.9,20,17,1823
2023-03-19,Bebek Ratu + Bebek Air,1600,400,2000,4.0,28.6,Hujan,23.1,92.1,21.5,20,17,629
2023-03-20,Bebek Ratu + Bebek Air,1600,400,2000,4.0,24.2,Normal,29.8,64.5,1.4,20,17,1840
2023-03-21,Bebek Ratu + Bebek Air,1600,400,2000,4.0,21.4,Normal,30.5,66.2,1.7,20,17,1851
2023-03-23,Bebek Ratu + Bebek Air,1600,400,2000,4.0,22.9,Normal,28.5,68.5,1.2,20,17,1942
2023-03-24,Bebek Ratu + Bebek Air,1600,400,2000,4.0,24.1,Normal,29.0,66.3,6.5,20,17,2125
2023-03-25,Bebek Ratu + Bebek Air,1600,400,2000,4.0,24.5,Normal,28.9,63.1,1.4,20,17,1883
2023-03-26,Bebek Ratu + Bebek Air,1600,400,2000,4.0,23.3,Normal,30.2,66.6,6.0,20,17,1981
2023-03-28,Bebek Ratu + Bebek Air,1600,400,2000,4.0,21.9,Normal,28.9,68.5,4.2,20,17,2143
2023-03-30,Bebek Ratu + Bebek Air,1600,400,2000,4.0,23.7,Normal,29.5,63.3,1.7,20,17,2159
2023-04-01,Bebek Ratu + Bebek Air,1600,400,2000,4.0,28.2,Hujan,22.6,95.6,20.6,21,18,682
2023-04-03,Bebek Ratu + Bebek Air,1600,400,2000,4.0,21.5,Normal,29.1,65.1,7.2,21,18,2111
2023-04-05,Bebek Ratu + Bebek Air,1600,400,2000,4.0,29.8,Hujan,23.3,94.9,36.9,21,18,621
2023-04-07,Bebek Ratu + Bebek Air,1600,400,2000,4.0,27.8,Hujan,23.6,93.3,12.2,21,18,693
2023-04-08,Bebek Ratu + Bebek Air,1600,400,2000,4.0,23.0,Normal,29.7,63.3,5.0,21,18,1883
2023-04-11,Bebek Ratu + Bebek Air,1600,400,2000,4.0,20.4,Normal,29.2,67.6,1.1,21,18,1994
2023-04-12,Bebek Ratu + Bebek Air,1600,400,2000,4.0,22.2,Normal,30.0,66.0,6.9,21,18,2127
2023-04-15,Bebek Ratu + Bebek Air,1600,400,2000,4.0,29.1,Hujan,22.9,96.9,42.2,21,18,671
2023-04-17,Bebek Ratu + Bebek Air,1600,400,2000,4.0,20.5,Normal,29.0,66.5,3.6,21,18,2150
2023-04-18,Bebek Ratu + Bebek Air,1600,400,2000,4.0,22.2,Normal,30.3,63.8,9.5,21,18,2193
2023-04-20,Bebek Ratu + Bebek Air,1600,400,2000,4.0,23.7,Normal,28.9,66.3,8.7,21,18,1917
2023-04-21,Bebek Ratu + Bebek Air,1600,400,2000,4.0,24.2,Normal,30.1,67.0,6.9,21,18,1961
2023-04-24,Bebek Ratu + Bebek Air,1600,400,2000,4.0,24.9,Normal,29.0,65.9,2.2,21,18,1937
2023-04-29,Bebek Ratu + Bebek Air,1600,400,2000,4.0,24.6,Normal,30.4,63.2,7.1,21,18,1908
2023-05-01,Bebek Ratu + Bebek Air,1600,400,2000,4.0,27.1,Hujan,22.8,95.4,46.7,22,19,691
2023-05-06,Bebek Ratu + Bebek Air,1600,400,2000,4.0,24.9,Normal,29.9,64.8,9.2,22,19,1908
2023-05-12,Bebek Ratu + Bebek Air,1600,400,2000,4.0,29.5,Hujan,23.9,94.8,44.6,22,19,663
2023-05-14,Bebek Ratu + Bebek Air,1600,400,2000,4.0,23.0,Normal,29.1,68.0,0.4,22,19,2129
2023-05-16,Bebek Ratu + Bebek Air,1600,400,2000,4.0,23.5,Normal,29.0,63.7,0.8,22,19,1873
2023-05-17,Bebek Ratu + Bebek Air,1600,400,2000,4.0,21.6,Normal,29.2,67.3,0.7,22,19,1871
2023-05-18,Bebek Ratu + Bebek Air,1600,400,2000,4.0,23.1,Normal,29.6,67.7,3.2,22,19,2181
2023-05-20,Bebek Ratu + Bebek Air,1600,400,2000,4.0,27.1,Hujan,23.8,95.7,20.1,22,19,668
2023-05-21,Bebek Ratu + Bebek Air,1600,400,2000,4.0,22.6,Normal,30.2,63.1,8.7,22,19,2182
2023-05-22,Bebek Ratu + Bebek Air,1600,400,2000,4.0,28.1,Hujan,23.9,96.8,49.9,22,19,654
2023-05-25,Bebek Ratu + Bebek Air,1600,400,2000,4.0,28.9,Hujan,23.7,94.4,29.7,22,19,651
2023-05-26,Bebek Ratu + Bebek Air,1600,400,2000,4.0,22.1,Normal,30.2,68.9,7.7,22,19,1912
2023-05-29,Bebek Ratu + Bebek Air,1600,400,2000,4.0,20.6,Normal,29.3,67.4,2.4,22,19,2060
2023-06-05,Bebek Ratu + Bebek Air,1600,400,2000,4.0,21.5,Kemarau,36.9,43.7,0.0,23,20,1323
2023-06-06,Bebek Ratu + Bebek Air,1600,400,2000,4.0,20.1,Kemarau,36.6,42.3,0.0,23,20,1328
2023-06-08,Bebek Ratu + Bebek Air,1600,400,2000,4.0,21.9,Kemarau,38.5,44.6,0.0,23,20,1460
2023-06-13,Bebek Ratu + Bebek Air,1600,400,2000,4.0,24.7,Kemarau,37.7,43.3,0.0,23,20,1474
2023-06-15,Bebek Ratu + Bebek Air,1600,400,2000,4.0,22.1,Kemarau,38.0,42.5,0.0,23,20,1452
2023-06-18,Bebek Ratu + Bebek Air,1600,400,2000,4.0,22.3,Kemarau,38.2,47.7,0.0,23,20,1398
2023-06-22,Bebek Ratu + Bebek Air,1600,400,2000,4.0,25.0,Kemarau,37.5,43.0,0.0,23,20,1452
2023-06-24,Bebek Ratu + Bebek Air,1600,400,2000,4.0,23.2,Kemarau,36.6,47.7,0.0,23,20,1435
2023-06-27,Bebek Ratu + Bebek Air,1600,400,2000,4.0,21.2,Kemarau,37.5,45.1,0.0,23,20,1441
2023-06-28,Bebek Ratu + Bebek Air,1600,400,2000,4.0,20.9,Kemarau,36.4,43.3,0.0,23,20,1474
2023-07-01,Bebek Ratu + Bebek Air,1600,400,2000,4.0,24.8,Normal,30.1,65.1,0.6,24,21,1858
2023-07-02,Bebek Ratu + Bebek Air,1600,400,2000,4.0,20.9,Normal,30.3,68.6,9.9,24,21,2074
2023-07-04,Bebek Ratu + Bebek Air,1600,400,2000,4.0,23.5,Kemarau,37.0,46.5,0.0,24,21,1496
2023-07-12,Bebek Ratu + Bebek Air,1600,400,2000,4.0,21.1,Normal,28.8,67.9,2.2,24,21,1974
2023-07-16,Bebek Ratu + Bebek Air,1600,400,2000,4.0,22.9,Kemarau,37.3,45.6,0.0,24,21,1375
2023-07-18,Bebek Ratu + Bebek Air,1600,400,2000,4.0,21.3,Kemarau,36.2,47.3,0.0,24,21,1340
2023-07-19,Bebek Ratu + Bebek Air,1600,400,2000,4.0,24.8,Kemarau,36.3,47.3,0.0,24,21,1300
2023-07-24,Bebek Ratu + Bebek Air,1600,400,2000,4.0,22.8,Normal,30.2,67.9,6.6,24,21,2168
2023-07-28,Bebek Ratu + Bebek Air,1600,400,2000,4.0,21.9,Kemarau,36.2,44.5,0.0,24,21,1428
2023-07-29,Bebek Ratu + Bebek Air,1600,400,2000,4.0,22.5,Kemarau,36.6,46.3,0.0,24,21,1429
2023-07-30,Bebek Ratu + Bebek Air,1600,400,2000,4.0,23.4,Kemarau,36.2,43.3,0.0,24,21,1460
2023-07-31,Bebek Ratu + Bebek Air,1600,400,2000,4.0,22.5,Kemarau,36.2,47.1,0.0,24,21,1463
2023-08-01,Bebek Ratu + Bebek Air,1600,400,2000,4.0,21.7,Normal,29.5,66.6,8.2,25,22,2111
2023-08-02,Bebek Ratu + Bebek Air,1600,400,2000,4.0,21.3,Kemarau,37.7,45.4,0.0,25,22,1339
2023-08-04,Bebek Ratu + Bebek Air,1600,400,2000,4.0,23.3,Kemarau,38.2,46.8,0.0,25,22,1495
2023-08-07,Bebek Ratu + Bebek Air,1600,400,2000,4.0,23.5,Kemarau,38.1,47.2,0.0,25,22,1438
2023-08-09,Bebek Ratu + Bebek Air,1600,400,2000,4.0,23.1,Normal,30.2,67.2,6.8,25,22,1800
2023-08-10,Bebek Ratu + Bebek Air,1600,400,2000,4.0,24.4,Normal,30.0,64.0,8.8,25,22,1965
2023-08-12,Bebek Ratu + Bebek Air,1600,400,2000,4.0,20.6,Kemarau,36.1,47.0,0.0,25,22,1304
2023-08-16,Bebek Ratu + Bebek Air,1600,400,2000,4.0,20.8,Kemarau,36.8,46.5,0.0,25,22,1392
2023-08-17,Bebek Ratu + Bebek Air,1600,400,2000,4.0,22.5,Kemarau,38.0,47.0,0.0,25,22,1361
2023-08-20,Bebek Ratu + Bebek Air,1600,400,2000,4.0,23.1,Kemarau,36.0,43.7,0.0,25,22,1361
2023-08-24,Bebek Ratu + Bebek Air,1600,400,2000,4.0,23.2,Normal,30.5,66.8,2.6,25,22,1840
2023-08-26,Bebek Ratu + Bebek Air,1600,400,2000,4.0,20.5,Kemarau,37.3,46.7,0.0,25,22,1487
2023-08-27,Bebek Ratu + Bebek Air,1600,400,2000,4.0,24.8,Kemarau,37.9,45.2,0.0,25,22,1317
2023-08-28,Bebek Ratu + Bebek Air,1600,400,2000,4.0,20.5,Normal,29.2,66.8,9.3,25,22,2192
2023-09-01,Bebek Ratu + Bebek Air,1600,400,2000,4.0,20.3,Kemarau,38.3,46.1,0.0,26,23,1332
2023-09-02,Bebek Ratu + Bebek Air,1600,400,2000,4.0,22.9,Normal,29.1,67.2,0.7,26,23,2043
2023-09-05,Bebek Ratu + Bebek Air,1600,400,2000,4.0,24.4,Normal,29.2,66.7,0.5,26,23,1884
2023-09-06,Bebek Ratu + Bebek Air,1600,400,2000,4.0,23.7,Kemarau,38.4,47.8,0.0,26,23,1435
2023-09-07,Bebek Ratu + Bebek Air,1600,400,2000,4.0,20.1,Normal,28.8,67.5,0.2,26,23,2016
2023-09-08,Bebek Ratu + Bebek Air,1600,400,2000,4.0,23.9,Kemarau,36.8,44.9,0.0,26,23,1438
2023-09-09,Bebek Ratu + Bebek Air,1600,400,2000,4.0,25.0,Normal,29.9,65.7,2.7,26,23,2153
2023-09-12,Bebek Ratu + Bebek Air,1600,400,2000,4.0,20.8,Kemarau,37.1,44.7,0.0,26,23,1482
2023-09-14,Bebek Ratu + Bebek Air,1600,400,2000,4.0,21.1,Kemarau,38.0,46.2,0.0,26,23,1402
2023-09-17,Bebek Ratu + Bebek Air,1600,400,2000,4.0,21.4,Normal,28.7,67.1,6.5,26,23,2132
2023-09-18,Bebek Ratu + Bebek Air,1600,400,2000,4.0,22.2,Kemarau,38.4,42.9,0.0,26,23,1412
2023-09-19,Bebek Ratu + Bebek Air,1600,400,2000,4.0,22.0,Normal,30.4,65.5,6.4,26,23,2031
2023-09-23,Bebek Ratu + Bebek Air,1600,400,2000,4.0,22.0,Kemarau,36.7,47.9,0.0,26,23,1363
2023-09-24,Bebek Ratu + Bebek Air,1600,400,2000,4.0,21.1,Kemarau,38.2,43.4,0.0,26,23,1316
2023-09-28,Bebek Ratu + Bebek Air,1600,400,2000,4.0,21.8,Kemarau,36.1,45.9,0.0,26,23,1305
2023-10-01,Bebek Ratu + Bebek Air,1600,400,2000,4.0,20.9,Normal,30.2,65.8,9.7,27,24,2083
2023-10-02,Bebek Ratu + Bebek Air,1600,400,2000,4.0,29.5,Hujan,23.8,96.7,41.1,27,24,675
2023-10-03,Bebek Ratu + Bebek Air,1600,400,2000,4.0,27.1,Hujan,23.6,95.8,16.1,27,24,600
2023-10-05,Bebek Ratu + Bebek Air,1600,400,2000,4.0,28.4,Hujan,23.9,95.7,42.1,27,24,690
2023-10-08,Bebek Ratu + Bebek Air,1600,400,2000,4.0,22.2,Normal,28.7,63.8,6.9,27,24,1830
2023-10-09,Bebek Ratu + Bebek Air,1600,400,2000,4.0,28.7,Hujan,22.8,94.9,13.5,27,24,608
2023-10-13,Bebek Ratu + Bebek Air,1600,400,2000,4.0,28.4,Hujan,22.9,96.8,23.1,27,24,642
2023-10-14,Bebek Ratu + Bebek Air,1600,400,2000,4.0,28.4,Hujan,22.5,92.4,26.3,27,24,665
2023-10-17,Bebek Ratu + Bebek Air,1600,400,2000,4.0,29.6,Hujan,23.4,93.7,38.1,27,24,635
2023-10-18,Bebek Ratu + Bebek Air,1600,400,2000,4.0,20.5,Normal,30.1,63.2,4.8,27,24,2048
2023-10-19,Bebek Ratu + Bebek Air,1600,400,2000,4.0,28.5,Hujan,22.9,97.9,16.6,27,24,669
2023-10-20,Bebek Ratu + Bebek Air,1600,400,2000,4.0,27.0,Hujan,23.4,96.2,32.8,27,24,692
2023-10-22,Bebek Ratu + Bebek Air,1600,400,2000,4.0,21.8,Normal,29.2,66.1,0.9,27,24,2095
2023-10-24,Bebek Ratu + Bebek Air,1600,400,2000,4.0,27.4,Hujan,22.5,92.5,26.5,27,24,631
2023-10-26,Bebek Ratu + Bebek Air,1600,400,2000,4.0,27.6,Hujan,23.4,96.1,42.2,27,24,652
2023-10-27,Bebek Ratu + Bebek Air,1600,400,2000,4.0,29.1,Hujan,22.8,92.6,35.8,27,24,612
2023-10-28,Bebek Ratu + Bebek Air,1600,400,2000,4.0,28.6,Hujan,22.5,97.6,13.0,27,24,684
2023-10-30,Bebek Ratu + Bebek Air,1600,400,2000,4.0,29.4,Hujan,23.6,97.2,38.8,27,24,645
2023-11-02,Bebek Ratu + Bebek Air,1595,395,1990,3.98,24.5,Normal,29.2,67.9,0.8,28,25,1827
2023-11-03,Bebek Ratu + Bebek Air,1595,395,1990,3.98,23.2,Normal,29.6,67.9,4.5,28,25,2134
2023-11-04,Bebek Ratu + Bebek Air,1595,395,1990,3.98,20.3,Normal,29.6,67.4,0.8,28,25,1850
2023-11-05,Bebek Ratu + Bebek Air,1595,395,1990,3.98,27.7,Hujan,22.9,93.0,45.0,28,25,651
2023-11-06,Bebek Ratu + Bebek Air,1595,395,1990,3.98,23.9,Normal,30.5,65.0,1.8,28,25,1973
2023-11-07,Bebek Ratu + Bebek Air,1595,395,1990,3.98,29.2,Hujan,23.5,95.0,32.7,28,25,631
2023-11-08,Bebek Ratu + Bebek Air,1595,395,1990,3.98,29.0,Hujan,22.8,98.0,49.0,28,25,624
2023-11-09,Bebek Ratu + Bebek Air,1595,395,1990,3.98,20.2,Normal,28.9,67.1,0.7,28,25,2029
2023-11-11,Bebek Ratu + Bebek Air,1595,395,1990,3.98,29.2,Hujan,22.9,94.8,44.9,28,25,654
2023-11-13,Bebek Ratu + Bebek Air,1595,395,1990,3.98,28.1,Hujan,23.6,94.6,24.5,28,25,635
2023-11-15,Bebek Ratu + Bebek Air,1595,395,1990,3.98,28.7,Hujan,24.0,92.2,44.8,28,25,631
2023-11-16,Bebek Ratu + Bebek Air,1595,395,1990,3.98,29.6,Hujan,23.2,96.4,30.0,28,25,656
2023-11-18,Bebek Ratu + Bebek Air,1595,395,1990,3.98,23.0,Normal,30.3,65.5,2.8,28,25,1850
2023-11-20,Bebek Ratu + Bebek Air,1595,395,1990,3.98,28.9,Hujan,23.9,93.3,35.3,28,25,683
2023-11-23,Bebek Ratu + Bebek Air,1595,395,1990,3.98,24.5,Normal,30.0,63.8,7.2,28,25,1807
2023-11-24,Bebek Ratu + Bebek Air,1595,395,1990,3.98,27.5,Hujan,22.8,93.4,48.9,28,25,696
2023-11-25,Bebek Ratu + Bebek Air,1595,395,1990,3.98,29.6,Hujan,23.8,95.0,20.6,28,25,621
2023-11-26,Bebek Ratu + Bebek Air,1595,395,1990,3.98,28.8,Hujan,23.2,95.1,25.0,28,25,662
2023-11-28,Bebek Ratu + Bebek Air,1595,395,1990,3.98,27.8,Hujan,22.7,94.3,48.8,28,25,627
2023-11-29,Bebek Ratu + Bebek Air,1595,395,1990,3.98,27.4,Hujan,23.5,94.0,41.2,28,25,607
2023-11-30,Bebek Ratu + Bebek Air,1595,395,1990,3.98,27.2,Hujan,24.0,94.7,20.2,28,25,648
2023-12-01,Bebek Ratu + Bebek Air,1595,395,1990,3.98,29.5,Hujan,22.8,95.1,24.1,29,26,649
2023-12-03,Bebek Ratu + Bebek Air,1595,395,1990,3.98,29.1,Hujan,23.1,93.5,35.1,29,26,700
2023-12-05,Bebek Ratu + Bebek Air,1595,395,1990,3.98,29.2,Hujan,22.8,93.0,12.4,29,26,636
2023-12-09,Bebek Ratu + Bebek Air,1595,395,1990,3.98,29.4,Hujan,23.5,94.8,43.9,29,26,689
2023-12-11,Bebek Ratu + Bebek Air,1595,395,1990,3.98,20.6,Normal,29.7,68.2,2.1,29,26,2084
2023-12-13,Bebek Ratu + Bebek Air,1595,395,1990,3.98,24.7,Normal,29.0,63.3,5.3,29,26,2167
2023-12-17,Bebek Ratu + Bebek Air,1595,395,1990,3.98,29.8,Hujan,22.6,92.7,28.6,29,26,619
2023-12-18,Bebek Ratu + Bebek Air,1595,395,1990,3.98,27.4,Hujan,23.0,95.0,12.6,29,26,637
2023-12-19,Bebek Ratu + Bebek Air,1595,395,1990,3.98,29.9,Hujan,24.0,97.8,11.2,29,26,607
2023-12-21,Bebek Ratu + Bebek Air,1595,395,1990,3.98,22.6,Normal,29.8,68.2,4.5,29,26,2176
2023-12-22,Bebek Ratu + Bebek Air,1595,395,1990,3.98,20.1,Normal,29.5,67.0,1.4,29,26,1831
2023-12-24,Bebek Ratu + Bebek Air,1595,395,1990,3.98,23.4,Normal,29.1,67.2,2.0,29,26,1960
2023-12-26,Bebek Ratu + Bebek Air,1595,395,1990,3.98,28.3,Hujan,24.0,92.6,37.2,29,26,606
2023-12-27,Bebek Ratu + Bebek Air,1595,395,1990,3.98,24.2,Normal,30.2,64.1,6.9,29,26,2044
2023-12-28,Bebek Ratu + Bebek Air,1595,395,1990,3.98,23.1,Normal,30.4,67.1,5.0,29,26,2071
2023-12-29,Bebek Ratu + Bebek Air,1595,395,1990,3.98,29.8,Hujan,23.8,95.4,12.2,29,26,607
2023-12-30,Bebek Ratu + Bebek Air,1595,395,1990,3.98,23.3,Normal,29.9,67.1,2.2,29,26,1841
2024-01-01,Bebek Ratu + Bebek Air,1595,395,1990,3.98,23.3,Normal,29.3,66.9,1.1,30,27,1835
2024-01-03,Bebek Ratu + Bebek Air,1595,395,1990,3.98,28.2,Hujan,24.0,92.3,49.1,30,27,608
2024-01-06,Bebek Ratu + Bebek Air,1595,395,1990,3.98,29.2,Hujan,23.8,96.7,33.1,30,27,630
2024-01-07,Bebek Ratu + Bebek Air,1595,395,1990,3.98,23.3,Normal,30.3,65.4,3.3,30,27,1861
2024-01-13,Bebek Ratu + Bebek Air,1595,395,1990,3.98,28.3,Hujan,23.7,96.6,42.1,30,27,631
2024-01-16,Bebek Ratu + Bebek Air,1595,395,1990,3.98,27.0,Hujan,23.7,92.7,32.2,30,27,676
2024-01-17,Bebek Ratu + Bebek Air,1595,395,1990,3.98,23.5,Normal,29.1,65.2,4.0,30,27,2117
2024-01-18,Bebek Ratu + Bebek Air,1595,395,1990,3.98,21.9,Normal,29.3,65.7,2.4,30,27,2014
2024-01-24,Bebek Ratu + Bebek Air,1595,395,1990,3.98,29.0,Hujan,22.8,92.4,34.5,30,27,674
2024-01-25,Bebek Ratu + Bebek Air,1595,395,1990,3.98,29.6,Hujan,23.4,94.8,25.8,30,27,666
2024-01-26,Bebek Ratu + Bebek Air,1595,395,1990,3.98,21.7,Normal,29.5,65.9,0.3,30,27,1933
2024-01-30,Bebek Ratu + Bebek Air,1595,395,1990,3.98,22.7,Normal,29.3,65.4,5.8,30,27,2142
2024-02-03,Bebek Ratu + Bebek Air,1595,395,1990,3.98,29.2,Hujan,23.4,96.6,42.7,31,28,640
2024-02-09,Bebek Ratu + Bebek Air,1595,395,1990,3.98,20.0,Normal,30.4,63.1,2.0,31,28,1935
2024-02-10,Bebek Ratu + Bebek Air,1595,395,1990,3.98,24.6,Normal,29.8,68.4,2.4,31,28,1867
2024-02-13,Bebek Ratu + Bebek Air,1595,395,1990,3.98,27.3,Hujan,22.6,97.6,24.7,31,28,682
2024-02-14,Bebek Ratu + Bebek Air,1595,395,1990,3.98,21.5,Normal,29.5,64.5,2.8,31,28,2034
2024-02-16,Bebek Ratu + Bebek Air,1595,395,1990,3.98,23.1,Normal,30.1,66.2,3.1,31,28,2184
2024-02-18,Bebek Ratu + Bebek Air,1595,395,1990,3.98,20.6,Normal,29.9,64.6,4.1,31,28,1804
2024-02-25,Bebek Ratu + Bebek Air,1595,395,1990,3.98,22.6,Normal,28.9,67.1,1.8,31,28,2118
2024-02-27,Bebek Ratu + Bebek Air,1595,395,1990,3.98,27.8,Hujan,23.6,92.6,33.1,31,28,612
2024-02-28,Bebek Ratu + Bebek Air,1595,395,1990,3.98,22.8,Normal,30.4,65.9,8.1,31,28,2075
2024-02-29,Bebek Ratu + Bebek Air,1595,395,1990,3.98,23.0,Normal,28.6,66.8,9.5,31,28,2059
2024-03-01,Bebek Ratu + Bebek Air,1595,395,1990,3.98,21.1,Normal,30.1,68.3,2.3,32,29,1867
2024-03-03,Bebek Ratu + Bebek Air,1595,395,1990,3.98,24.5,Normal,29.7,65.5,8.4,32,29,1835
2024-03-04,Bebek Ratu + Bebek Air,1595,395,1990,3.98,21.4,Normal,29.2,64.4,7.8,32,29,1989
2024-03-05,Bebek Ratu + Bebek Air,1595,395,1990,3.98,20.5,Normal,30.1,65.5,6.7,32,29,1880
2024-03-06,Bebek Ratu + Bebek Air,1595,395,1990,3.98,20.8,Normal,29.7,65.7,5.9,32,29,2078
2024-03-08,Bebek Ratu + Bebek Air,1595,395,1990,3.98,27.3,Hujan,23.6,97.2,19.5,32,29,638
2024-03-09,Bebek Ratu + Bebek Air,1595,395,1990,3.98,28.6,Hujan,22.5,95.9,34.7,32,29,683
2024-03-11,Bebek Ratu + Bebek Air,1595,395,1990,3.98,28.5,Hujan,22.8,94.3,34.2,32,29,601
2024-03-12,Bebek Ratu + Bebek Air,1595,395,1990,3.98,28.2,Hujan,24.0,92.8,38.1,32,29,670
2024-03-15,Bebek Ratu + Bebek Air,1595,395,1990,3.98,25.0,Normal,29.4,67.3,6.9,32,29,2139
2024-03-16,Bebek Ratu + Bebek Air,1595,395,1990,3.98,22.9,Normal,28.8,63.6,7.2,32,29,1868
2024-03-18,Bebek Ratu + Bebek Air,1595,395,1990,3.98,24.5,Normal,29.0,63.5,0.9,32,29,1859
2024-03-21,Bebek Ratu + Bebek Air,1595,395,1990,3.98,21.8,Normal,28.9,64.9,2.3,32,29,2180
2024-03-23,Bebek Ratu + Bebek Air,1595,395,1990,3.98,29.4,Hujan,22.6,95.1,13.6,32,29,619
2024-03-24,Bebek Ratu + Bebek Air,1595,395,1990,3.98,23.3,Normal,29.0,66.2,8.8,32,29,1944
2024-03-25,Bebek Ratu + Bebek Air,1595,395,1990,3.98,29.0,Hujan,23.3,93.9,24.0,32,29,626
2024-03-26,Bebek Ratu + Bebek Air,1595,395,1990,3.98,29.2,Hujan,24.0,96.0,32.8,32,29,643
2024-03-27,Bebek Ratu + Bebek Air,1595,395,1990,3.98,24.8,Normal,29.4,63.4,5.6,32,29,2151
2024-03-29,Bebek Ratu + Bebek Air,1595,395,1990,3.98,28.6,Hujan,22.8,96.1,18.8,32,29,633
2024-04-02,Bebek Ratu + Bebek Air,1595,395,1990,3.98,28.0,Hujan,22.6,94.7,40.5,33,30,662
2024-04-03,Bebek Ratu + Bebek Air,1595,395,1990,3.98,21.2,Normal,29.8,67.8,9.3,33,30,1826
2024-04-07,Bebek Ratu + Bebek Air,1595,395,1990,3.98,24.6,Normal,29.3,63.9,9.9,33,30,2124
2024-04-09,Bebek Ratu + Bebek Air,1595,395,1990,3.98,23.1,Normal,29.6,68.1,5.2,33,30,1941
2024-04-10,Bebek Ratu + Bebek Air,1595,395,1990,3.98,24.1,Normal,28.7,67.5,1.3,33,30,1801
2024-04-12,Bebek Ratu + Bebek Air,1595,395,1990,3.98,21.5,Normal,30.1,67.3,0.4,33,30,2194
2024-04-20,Bebek Ratu + Bebek Air,1595,395,1990,3.98,24.7,Normal,29.0,65.2,0.9,33,30,2126
2024-04-22,Bebek Ratu + Bebek Air,1595,395,1990,3.98,22.2,Normal,29.6,64.8,4.0,33,30,1882
2024-04-23,Bebek Ratu + Bebek Air,1595,395,1990,3.98,28.5,Hujan,23.4,95.1,46.9,33,30,656
2024-04-24,Bebek Ratu + Bebek Air,1595,395,1990,3.98,29.8,Hujan,24.0,97.1,19.1,33,30,690
2024-04-26,Bebek Ratu + Bebek Air,1595,395,1990,3.98,24.4,Normal,28.7,67.9,3.8,33,30,2087
2024-04-27,Bebek Ratu + Bebek Air,1595,395,1990,3.98,21.5,Normal,30.2,67.8,7.9,33,30,1857
2024-04-30,Bebek Ratu + Bebek Air,1595,395,1990,3.98,23.5,Normal,28.7,65.4,1.7,33,30,2153
2024-05-01,Bebek Ratu + Bebek Air,1595,395,1990,3.98,24.1,Normal,29.2,68.9,6.4,34,31,2079
2024-05-05,Bebek Ratu + Bebek Air,1595,395,1990,3.98,22.4,Normal,28.8,68.2,9.2,34,31,1989
2024-05-08,Bebek Ratu + Bebek Air,1595,395,1990,3.98,28.5,Hujan,23.4,96.6,17.8,34,31,670
2024-05-09,Bebek Ratu + Bebek Air,1595,395,1990,3.98,20.3,Normal,29.3,63.9,3.7,34,31,2020
2024-05-10,Bebek Ratu + Bebek Air,1595,395,1990,3.98,22.7,Normal,28.6,63.8,9.6,34,31,1821
2024-05-12,Bebek Ratu + Bebek Air,1595,395,1990,3.98,22.5,Normal,30.4,65.6,3.1,34,31,1986
2024-05-14,Bebek Ratu + Bebek Air,1595,395,1990,3.98,21.1,Normal,29.4,63.6,6.4,34,31,1983
2024-05-16,Bebek Ratu + Bebek Air,1595,395,1990,3.98,20.3,Normal,29.7,66.9,1.5,34,31,2149
2024-05-19,Bebek Ratu + Bebek Air,1595,395,1990,3.98,25.0,Normal,30.1,65.8,0.6,34,31,2141
2024-05-21,Bebek Ratu + Bebek Air,1595,395,1990,3.98,21.2,Normal,28.6,67.2,9.8,34,31,1981
2024-05-22,Bebek Ratu + Bebek Air,1595,395,1990,3.98,27.3,Hujan,22.7,92.7,22.8,34,31,652
2024-05-28,Bebek Ratu + Bebek Air,1595,395,1990,3.98,30.0,Hujan,23.5,92.4,30.9,34,31,695
2024-05-29,Bebek Ratu + Bebek Air,1595,395,1990,3.98,23.1,Normal,30.1,66.7,3.1,34,31,1921
2024-05-31,Bebek Ratu + Bebek Air,1595,395,1990,3.98,24.4,Normal,29.6,65.6,1.3,34,31,1890
2024-06-02,Bebek Ratu + Bebek Air,1595,395,1990,3.98,21.8,Kemarau,37.1,43.2,0.0,35,32,1306
2024-06-03,Bebek Ratu + Bebek Air,1595,395,1990,3.98,23.7,Kemarau,37.0,47.0,0.0,35,32,1488
2024-06-06,Bebek Ratu + Bebek Air,1595,395,1990,3.98,22.1,Kemarau,37.9,42.1,0.0,35,32,1500
2024-06-07,Bebek Ratu + Bebek Air,1595,395,1990,3.98,21.3,Kemarau,37.2,42.1,0.0,35,32,1471
2024-06-09,Bebek Ratu + Bebek Air,1595,395,1990,3.98,21.1,Normal,30.0,63.8,5.4,35,32,1927
2024-06-10,Bebek Ratu + Bebek Air,1595,395,1990,3.98,24.9,Kemarau,36.0,43.4,0.0,35,32,1340
2024-06-11,Bebek Ratu + Bebek Air,1595,395,1990,3.98,20.5,Normal,30.1,68.8,4.9,35,32,1855
2024-06-12,Bebek Ratu + Bebek Air,1595,395,1990,3.98,24.2,Kemarau,37.4,44.7,0.0,35,32,1309
2024-06-13,Bebek Ratu + Bebek Air,1595,395,1990,3.98,20.8,Kemarau,36.2,44.9,0.0,35,32,1356
2024-06-14,Bebek Ratu + Bebek Air,1595,395,1990,3.98,22.4,Kemarau,36.8,46.4,0.0,35,32,1417
2024-06-15,Bebek Ratu + Bebek Air,1595,395,1990,3.98,22.3,Kemarau,36.9,44.4,0.0,35,32,1378
2024-06-16,Bebek Ratu + Bebek Air,1595,395,1990,3.98,24.8,Kemarau,38.0,47.4,0.0,35,32,1357
2024-06-17,Bebek Ratu + Bebek Air,1595,395,1990,3.98,23.4,Kemarau,38.0,43.9,0.0,35,32,1468
2024-06-18,Bebek Ratu + Bebek Air,1595,395,1990,3.98,24.2,Kemarau,37.1,43.5,0.0,35,32,1402
2024-06-19,Bebek Ratu + Bebek Air,1595,395,1990,3.98,22.3,Kemarau,36.1,47.4,0.0,35,32,1371
2024-06-20,Bebek Ratu + Bebek Air,1595,395,1990,3.98,24.5,Kemarau,37.6,46.0,0.0,35,32,1497
2024-06-22,Bebek Ratu + Bebek Air,1595,395,1990,3.98,20.3,Kemarau,37.6,45.7,0.0,35,32,1389
2024-06-23,Bebek Ratu + Bebek Air,1595,395,1990,3.98,22.6,Normal,29.5,63.9,7.4,35,32,2060
2024-06-25,Bebek Ratu + Bebek Air,1595,395,1990,3.98,20.4,Kemarau,37.7,42.3,0.0,35,32,1473
2024-06-26,Bebek Ratu + Bebek Air,1595,395,1990,3.98,20.1,Normal,29.9,63.4,0.7,35,32,1969
2024-06-27,Bebek Ratu + Bebek Air,1595,395,1990,3.98,21.8,Kemarau,38.4,46.4,0.0,35,32,1329
2024-06-29,Bebek Ratu + Bebek Air,1595,395,1990,3.98,23.9,Kemarau,36.7,44.1,0.0,35,32,1345
2024-07-02,Bebek Ratu + Bebek Air,1591,393,1984,3.97,20.5,Normal,29.8,64.1,1.7,36,33,2022
2024-07-05,Bebek Ratu + Bebek Air,1591,393,1984,3.97,21.3,Kemarau,37.7,46.6,0.0,36,33,1486
2024-07-06,Bebek Ratu + Bebek Air,1591,393,1984,3.97,24.8,Kemarau,36.1,42.5,0.0,36,33,1411
2024-07-08,Bebek Ratu + Bebek Air,1591,393,1984,3.97,21.9,Normal,29.1,67.6,6.2,36,33,2061
2024-07-11,Bebek Ratu + Bebek Air,1591,393,1984,3.97,23.1,Kemarau,36.5,42.7,0.0,36,33,1398
2024-07-12,Bebek Ratu + Bebek Air,1591,393,1984,3.97,20.2,Normal,30.0,66.9,5.3,36,33,1897
2024-07-14,Bebek Ratu + Bebek Air,1591,393,1984,3.97,21.5,Kemarau,38.4,46.8,0.0,36,33,1311
2024-07-15,Bebek Ratu + Bebek Air,1591,393,1984,3.97,23.7,Normal,30.5,66.6,5.8,36,33,2023
2024-07-20,Bebek Ratu + Bebek Air,1591,393,1984,3.97,20.6,Kemarau,38.0,45.9,0.0,36,33,1433
2024-07-21,Bebek Ratu + Bebek Air,1591,393,1984,3.97,21.9,Normal,29.2,68.6,2.2,36,33,2151
2024-07-22,Bebek Ratu + Bebek Air,1591,393,1984,3.97,24.7,Normal,29.4,65.6,6.1,36,33,2179
2024-07-24,Bebek Ratu + Bebek Air,1591,393,1984,3.97,24.4,Normal,29.0,63.7,2.0,36,33,2143
2024-07-26,Bebek Ratu + Bebek Air,1591,393,1984,3.97,24.1,Kemarau,37.6,43.7,0.0,36,33,1393
2024-07-29,Bebek Ratu + Bebek Air,1591,393,1984,3.97,24.6,Kemarau,38.2,47.1,0.0,36,33,1317
2024-08-01,Bebek Ratu + Bebek Air,1591,393,1984,3.97,24.2,Normal,29.0,67.5,4.6,37,34,1969
2024-08-05,Bebek Ratu + Bebek Air,1591,393,1984,3.97,20.9,Normal,30.0,67.7,6.6,37,34,1960
2024-08-06,Bebek Ratu + Bebek Air,1591,393,1984,3.97,20.2,Normal,29.6,68.9,9.4,37,34,1863
2024-08-08,Bebek Ratu + Bebek Air,1591,393,1984,3.97,24.1,Normal,28.8,63.8,7.3,37,34,1953
2024-08-10,Bebek Ratu + Bebek Air,1591,393,1984,3.97,23.7,Normal,28.9,66.0,8.4,37,34,1958
2024-08-12,Bebek Ratu + Bebek Air,1591,393,1984,3.97,21.5,Normal,29.6,66.5,5.1,37,34,2009
2024-08-13,Bebek Ratu + Bebek Air,1591,393,1984,3.97,24.4,Kemarau,37.4,46.1,0.0,37,34,1403
2024-08-14,Bebek Ratu + Bebek Air,1591,393,1984,3.97,22.3,Normal,29.8,67.6,1.6,37,34,1951
2024-08-16,Bebek Ratu + Bebek Air,1591,393,1984,3.97,25.0,Normal,28.5,64.5,7.3,37,34,1865
2024-08-17,Bebek Ratu + Bebek Air,1591,393,1984,3.97,24.0,Kemarau,36.2,44.4,0.0,37,34,1407
2024-08-18,Bebek Ratu + Bebek Air,1591,393,1984,3.97,23.1,Normal,28.9,66.3,7.3,37,34,1994
2024-08-19,Bebek Ratu + Bebek Air,1591,393,1984,3.97,22.8,Normal,28.9,65.1,7.8,37,34,2183
2024-08-20,Bebek Ratu + Bebek Air,1591,393,1984,3.97,20.2,Kemarau,36.0,46.6,0.0,37,34,1457
2024-08-21,Bebek Ratu + Bebek Air,1591,393,1984,3.97,21.8,Normal,30.0,64.2,9.6,37,34,1954
2024-08-22,Bebek Ratu + Bebek Air,1591,393,1984,3.97,21.5,Kemarau,36.8,42.9,0.0,37,34,1440
2024-08-24,Bebek Ratu + Bebek Air,1591,393,1984,3.97,21.8,Kemarau,38.2,48.0,0.0,37,34,1377
2024-08-25,Bebek Ratu + Bebek Air,1591,393,1984,3.97,24.4,Kemarau,37.1,46.3,0.0,37,34,1353
2024-08-28,Bebek Ratu + Bebek Air,1591,393,1984,3.97,22.1,Kemarau,37.5,44.3,0.0,37,34,1448
2024-09-05,Bebek Ratu + Bebek Air,1591,393,1984,3.97,21.8,Normal,29.9,63.0,6.2,38,35,2135
2024-09-06,Bebek Ratu + Bebek Air,1591,393,1984,3.97,22.9,Kemarau,38.0,42.6,0.0,38,35,1419
2024-09-07,Bebek Ratu + Bebek Air,1591,393,1984,3.97,20.3,Kemarau,37.2,45.9,0.0,38,35,1413
2024-09-08,Bebek Ratu + Bebek Air,1591,393,1984,3.97,23.0,Normal,29.7,66.4,5.6,38,35,1909
2024-09-09,Bebek Ratu + Bebek Air,1591,393,1984,3.97,24.1,Normal,29.9,67.8,2.7,38,35,2042
2024-09-10,Bebek Ratu + Bebek Air,1591,393,1984,3.97,21.7,Normal,29.5,63.5,0.6,38,35,1886
2024-09-12,Bebek Ratu + Bebek Air,1591,393,1984,3.97,22.6,Normal,30.1,67.2,7.9,38,35,1843
2024-09-13,Bebek Ratu + Bebek Air,1591,393,1984,3.97,21.6,Kemarau,37.1,42.9,0.0,38,35,1431
2024-09-18,Bebek Ratu + Bebek Air,1591,393,1984,3.97,23.0,Normal,29.4,63.5,2.2,38,35,2124
2024-09-21,Bebek Ratu + Bebek Air,1591,393,1984,3.97,23.2,Normal,30.0,69.0,9.3,38,35,1971
2024-09-22,Bebek Ratu + Bebek Air,1591,393,1984,3.97,23.9,Kemarau,37.1,45.8,0.0,38,35,1492
2024-09-23,Bebek Ratu + Bebek Air,1591,393,1984,3.97,24.2,Kemarau,36.3,44.5,0.0,38,35,1472
2024-09-26,Bebek Ratu + Bebek Air,1591,393,1984,3.97,22.9,Kemarau,37.0,45.4,0.0,38,35,1357
2024-09-28,Bebek Ratu + Bebek Air,1591,393,1984,3.97,21.7,Kemarau,36.5,44.2,0.0,38,35,1337
2024-10-05,Bebek Ratu + Bebek Air,1591,393,1984,3.97,27.8,Hujan,22.5,92.1,43.4,39,36,605
2024-10-11,Bebek Ratu + Bebek Air,1591,393,1984,3.97,27.8,Hujan,23.3,93.8,47.7,39,36,660
2024-10-14,Bebek Ratu + Bebek Air,1591,393,1984,3.97,20.9,Normal,29.4,68.2,8.4,39,36,2193
2024-10-18,Bebek Ratu + Bebek Air,1591,393,1984,3.97,27.4,Hujan,23.7,94.7,29.8,39,36,658
2024-10-19,Bebek Ratu + Bebek Air,1591,393,1984,3.97,28.3,Hujan,22.6,96.4,30.4,39,36,680
2024-10-23,Bebek Ratu + Bebek Air,1591,393,1984,3.97,23.1,Normal,30.0,67.6,1.6,39,36,1899
2024-10-27,Bebek Ratu + Bebek Air,1591,393,1984,3.97,24.8,Normal,28.8,67.5,6.6,39,36,2156
2024-10-28,Bebek Ratu + Bebek Air,1591,393,1984,3.97,27.8,Hujan,22.6,92.3,22.0,39,36,663
2024-10-29,Bebek Ratu + Bebek Air,1591,393,1984,3.97,27.8,Hujan,22.9,97.4,20.7,39,36,631
2024-10-30,Bebek Ratu + Bebek Air,1591,393,1984,3.97,27.2,Hujan,23.6,94.7,41.3,39,36,683
2024-11-01,Bebek Ratu + Bebek Air,1591,393,1984,3.97,24.5,Normal,29.5,63.2,0.6,40,37,1802
2024-11-04,Bebek Ratu + Bebek Air,1591,393,1984,3.97,28.0,Hujan,22.7,95.2,27.0,40,37,699
2024-11-06,Bebek Ratu + Bebek Air,1591,393,1984,3.97,29.9,Hujan,23.8,92.1,36.9,40,37,628
2024-11-08,Bebek Ratu + Bebek Air,1591,393,1984,3.97,28.3,Hujan,23.3,97.6,13.0,40,37,689
2024-11-09,Bebek Ratu + Bebek Air,1591,393,1984,3.97,21.3,Normal,29.0,67.4,9.8,40,37,2037
2024-11-10,Bebek Ratu + Bebek Air,1591,393,1984,3.97,28.4,Hujan,23.5,93.2,33.0,40,37,671
2024-11-13,Bebek Ratu + Bebek Air,1591,393,1984,3.97,27.3,Hujan,24.0,95.7,24.6,40,37,615
2024-11-19,Bebek Ratu + Bebek Air,1591,393,1984,3.97,29.6,Hujan,22.7,93.4,20.8,40,37,617
2024-11-20,Bebek Ratu + Bebek Air,1591,393,1984,3.97,29.6,Hujan,23.3,95.1,15.5,40,37,685
2024-11-24,Bebek Ratu + Bebek Air,1591,393,1984,3.97,22.7,Normal,29.9,63.4,7.1,40,37,2086
2024-11-25,Bebek Ratu + Bebek Air,1591,393,1984,3.97,20.8,Normal,28.7,65.7,4.8,40,37,1962
2024-11-26,Bebek Ratu + Bebek Air,1591,393,1984,3.97,28.4,Hujan,23.9,97.1,37.1,40,37,678
2024-11-27,Bebek Ratu + Bebek Air,1591,393,1984,3.97,20.3,Normal,29.3,66.9,5.5,40,37,2058
2024-12-02,Bebek Ratu + Bebek Air,1586,388,1974,3.95,20.3,Normal,29.5,67.8,4.6,41,38,2043
2024-12-04,Bebek Ratu + Bebek Air,1586,388,1974,3.95,27.5,Hujan,23.7,93.2,21.1,41,38,633
2024-12-05,Bebek Ratu + Bebek Air,1586,388,1974,3.95,27.6,Hujan,23.0,96.5,31.3,41,38,681
2024-12-08,Bebek Ratu + Bebek Air,1586,388,1974,3.95,27.7,Hujan,23.8,97.3,45.0,41,38,698
2024-12-09,Bebek Ratu + Bebek Air,1586,388,1974,3.95,20.1,Normal,29.4,68.9,7.7,41,38,2048
2024-12-13,Bebek Ratu + Bebek Air,1586,388,1974,3.95,22.7,Normal,28.6,65.8,9.1,41,38,1922
2024-12-14,Bebek Ratu + Bebek Air,1586,388,1974,3.95,29.5,Hujan,23.2,92.6,36.6,41,38,656
2024-12-15,Bebek Ratu + Bebek Air,1586,388,1974,3.95,27.6,Hujan,23.1,96.7,48.6,41,38,691
2024-12-17,Bebek Ratu + Bebek Air,1586,388,1974,3.95,28.7,Hujan,23.3,93.7,41.9,41,38,630
2024-12-18,Bebek Ratu + Bebek Air,1586,388,1974,3.95,29.7,Hujan,23.5,96.8,26.4,41,38,642
2024-12-21,Bebek Ratu + Bebek Air,1586,388,1974,3.95,29.4,Hujan,23.3,92.9,38.1,41,38,669
2024-12-22,Bebek Ratu + Bebek Air,1586,388,1974,3.95,27.8,Hujan,23.0,97.1,46.3,41,38,617
2024-12-24,Bebek Ratu + Bebek Air,1586,388,1974,3.95,27.6,Hujan,24.0,92.8,18.9,41,38,629
2024-12-25,Bebek Ratu + Bebek Air,1586,388,1974,3.95,28.3,Hujan,23.8,95.9,16.9,41,38,688
2024-12-29,Bebek Ratu + Bebek Air,1586,388,1974,3.95,29.4,Hujan,23.4,92.5,45.4,41,38,690
2025-01-01,Bebek Ratu + Bebek Air,1586,388,1974,3.95,24.9,Normal,29.5,68.8,4.2,42,39,1832
2025-01-02,Bebek Ratu + Bebek Air,1586,388,1974,3.95,24.4,Normal,29.8,66.8,1.7,42,39,2008
2025-01-07,Bebek Ratu + Bebek Air,1586,388,1974,3.95,22.8,Normal,29.4,64.0,0.1,42,39,2077
2025-01-10,Bebek Ratu + Bebek Air,1586,388,1974,3.95,20.4,Normal,29.6,67.3,8.9,42,39,2012
2025-01-16,Bebek Ratu + Bebek Air,1586,388,1974,3.95,24.1,Normal,30.0,64.1,8.6,42,39,1905
2025-01-20,Bebek Ratu + Bebek Air,1586,388,1974,3.95,22.4,Normal,29.6,67.3,3.1,42,39,1999
2025-01-22,Bebek Ratu + Bebek Air,1586,388,1974,3.95,28.5,Hujan,23.7,94.8,25.0,42,39,689
2025-01-23,Bebek Ratu + Bebek Air,1586,388,1974,3.95,23.6,Normal,30.2,65.0,1.7,42,39,2191
2025-01-24,Bebek Ratu + Bebek Air,1586,388,1974,3.95,27.4,Hujan,23.7,92.6,20.4,42,39,648
2025-01-25,Bebek Ratu + Bebek Air,1586,388,1974,3.95,23.3,Normal,29.2,65.7,7.5,42,39,1803
2025-01-27,Bebek Ratu + Bebek Air,1586,388,1974,3.95,22.4,Normal,29.7,65.1,8.4,42,39,1952
2025-01-28,Bebek Ratu + Bebek Air,1586,388,1974,3.95,23.4,Normal,30.5,66.8,1.3,42,39,2014
2025-01-30,Bebek Ratu + Bebek Air,1586,388,1974,3.95,27.5,Hujan,23.0,96.1,13.7,42,39,695
2025-01-31,Bebek Ratu + Bebek Air,1586,388,1974,3.95,27.8,Hujan,23.8,93.4,43.6,42,39,669
2025-02-01,Bebek Ratu + Bebek Air,1586,388,1974,3.95,27.9,Hujan,23.5,96.2,31.0,43,40,628
2025-02-03,Bebek Ratu + Bebek Air,1586,388,1974,3.95,23.3,Normal,28.9,63.2,3.0,43,40,1912
2025-02-04,Bebek Ratu + Bebek Air,1586,388,1974,3.95,23.9,Normal,30.4,68.2,7.7,43,40,2023
2025-02-06,Bebek Ratu + Bebek Air,1586,388,1974,3.95,23.4,Normal,29.8,64.6,9.1,43,40,1814
2025-02-10,Bebek Ratu + Bebek Air,1586,388,1974,3.95,22.3,Normal,29.6,63.7,4.5,43,40,1972
2025-02-13,Bebek Ratu + Bebek Air,1586,388,1974,3.95,29.9,Hujan,23.8,95.3,25.8,43,40,686
2025-02-16,Bebek Ratu + Bebek Air,1586,388,1974,3.95,23.7,Normal,28.7,65.5,0.4,43,40,2170
2025-02-19,Bebek Ratu + Bebek Air,1586,388,1974,3.95,21.5,Normal,30.3,64.7,8.6,43,40,2039
2025-02-20,Bebek Ratu + Bebek Air,1586,388,1974,3.95,20.1,Normal,30.3,67.5,8.0,43,40,2118
2025-02-22,Bebek Ratu + Bebek Air,1586,388,1974,3.95,29.5,Hujan,23.9,96.4,22.9,43,40,603
2025-02-23,Bebek Ratu + Bebek Air,1586,388,1974,3.95,23.5,Normal,29.1,68.2,1.1,43,40,2103
2025-02-24,Bebek Ratu + Bebek Air,1586,388,1974,3.95,27.0,Hujan,23.3,92.6,20.4,43,40,684
2025-02-25,Bebek Ratu + Bebek Air,1586,388,1974,3.95,21.5,Normal,29.4,64.8,6.0,43,40,1842
2025-03-03,Bebek Ratu + Bebek Air,1586,388,1974,3.95,29.7,Hujan,22.9,96.5,12.9,44,41,654
2025-03-04,Bebek Ratu + Bebek Air,1586,388,1974,3.95,24.5,Normal,30.2,67.0,5.9,44,41,2036
2025-03-09,Bebek Ratu + Bebek Air,1586,388,1974,3.95,24.0,Normal,28.9,63.5,2.4,44,41,1825
2025-03-10,Bebek Ratu + Bebek Air,1586,388,1974,3.95,24.3,Normal,28.6,66.5,10.0,44,41,1994
2025-03-11,Bebek Ratu + Bebek Air,1586,388,1974,3.95,23.0,Normal,29.5,63.4,8.3,44,41,1908
2025-03-19,Bebek Ratu + Bebek Air,1586,388,1974,3.95,23.3,Normal,28.7,63.6,9.1,44,41,1967
2025-03-21,Bebek Ratu + Bebek Air,1586,388,1974,3.95,22.6,Normal,30.2,68.3,5.7,44,41,2189
2025-03-22,Bebek Ratu + Bebek Air,1586,388,1974,3.95,23.9,Normal,29.4,64.9,4.3,44,41,1942
2025-03-24,Bebek Ratu + Bebek Air,1586,388,1974,3.95,23.0,Normal,29.7,68.4,4.4,44,41,1929
2025-03-27,Bebek Ratu + Bebek Air,1586,388,1974,3.95,21.2,Normal,29.8,66.6,7.0,44,41,2040
2025-03-28,Bebek Ratu + Bebek Air,1586,388,1974,3.95,22.4,Normal,29.5,63.6,3.8,44,41,2183
2025-03-31,Bebek Ratu + Bebek Air,1586,388,1974,3.95,29.2,Hujan,23.5,97.7,34.4,44,41,606
2025-04-08,Bebek Ratu + Bebek Air,1586,388,1974,3.95,21.3,Normal,29.5,66.8,0.7,45,42,1914
2025-04-10,Bebek Ratu + Bebek Air,1586,388,1974,3.95,27.4,Hujan,23.0,94.8,12.8,45,42,608
2025-04-12,Bebek Ratu + Bebek Air,1586,388,1974,3.95,28.4,Hujan,22.9,97.8,23.9,45,42,605
2025-04-13,Bebek Ratu + Bebek Air,1586,388,1974,3.95,21.0,Normal,28.9,66.7,2.8,45,42,1926
2025-04-17,Bebek Ratu + Bebek Air,1586,388,1974,3.95,21.1,Normal,29.5,63.0,0.1,45,42,1810
2025-04-21,Bebek Ratu + Bebek Air,1586,388,1974,3.95,29.4,Hujan,22.6,92.6,24.2,45,42,619
2025-04-22,Bebek Ratu + Bebek Air,1586,388,1974,3.95,24.7,Normal,29.6,66.1,2.9,45,42,1864
2025-04-23,Bebek Ratu + Bebek Air,1586,388,1974,3.95,20.6,Normal,29.3,63.5,6.2,45,42,2142
2025-04-24,Bebek Ratu + Bebek Air,1586,388,1974,3.95,22.5,Normal,29.2,66.0,8.7,45,42,2088
2025-04-27,Bebek Ratu + Bebek Air,1586,388,1974,3.95,21.4,Normal,29.9,69.0,1.3,45,42,2038
2025-04-29,Bebek Ratu + Bebek Air,1586,388,1974,3.95,29.7,Hujan,23.1,94.5,27.0,45,42,632
2025-04-30,Bebek Ratu + Bebek Air,1586,388,1974,3.95,24.1,Normal,29.9,66.6,3.1,45,42,1885
2025-05-03,Bebek Ratu + Bebek Air,1586,388,1974,3.95,28.9,Hujan,23.9,96.9,11.1,46,43,677
2025-05-08,Bebek Ratu + Bebek Air,1586,388,1974,3.95,28.8,Hujan,22.6,93.5,13.3,46,43,691
2025-05-09,Bebek Ratu + Bebek Air,1586,388,1974,3.95,22.3,Normal,29.9,63.7,3.8,46,43,2198
2025-05-12,Bebek Ratu + Bebek Air,1586,388,1974,3.95,23.8,Normal,29.2,63.7,4.2,46,43,1959
2025-05-16,Bebek Ratu + Bebek Air,1586,388,1974,3.95,24.7,Normal,28.6,63.5,3.5,46,43,2096
2025-05-18,Bebek Ratu + Bebek Air,1586,388,1974,3.95,23.0,Normal,29.8,67.1,3.6,46,43,1959
2025-05-22,Bebek Ratu + Bebek Air,1586,388,1974,3.95,28.8,Hujan,22.5,95.8,46.6,46,43,686
2025-05-23,Bebek Ratu + Bebek Air,1586,388,1974,3.95,24.5,Normal,30.2,67.3,1.2,46,43,2003
2025-05-24,Bebek Ratu + Bebek Air,1586,388,1974,3.95,27.0,Hujan,22.6,95.2,16.5,46,43,625
2025-05-27,Bebek Ratu + Bebek Air,1586,388,1974,3.95,22.9,Normal,29.3,64.8,4.9,46,43,2103
2025-05-29,Bebek Ratu + Bebek Air,1586,388,1974,3.95,28.0,Hujan,22.6,92.7,32.8,46,43,680
2025-05-30,Bebek Ratu + Bebek Air,1586,388,1974,3.95,23.5,Normal,30.0,66.9,8.5,46,43,1852
2025-05-31,Bebek Ratu + Bebek Air,1586,388,1974,3.95,27.9,Hujan,23.1,96.0,21.7,46,43,698
2025-06-04,Bebek Ratu + Bebek Air,1582,386,1968,3.94,24.0,Kemarau,38.0,44.7,0.0,47,44,1388
2025-06-09,Bebek Ratu + Bebek Air,1582,386,1968,3.94,22.2,Normal,30.1,68.1,9.2,47,44,2019
2025-06-12,Bebek Ratu + Bebek Air,1582,386,1968,3.94,23.0,Normal,29.1,66.5,3.7,47,44,1989
2025-06-17,Bebek Ratu + Bebek Air,1582,386,1968,3.94,21.9,Kemarau,37.8,46.1,0.0,47,44,1429
2025-06-19,Bebek Ratu + Bebek Air,1582,386,1968,3.94,24.5,Normal,28.8,65.6,1.4,47,44,1974
2025-06-21,Bebek Ratu + Bebek Air,1582,386,1968,3.94,20.1,Kemarau,36.9,42.9,0.0,47,44,1407
2025-06-23,Bebek Ratu + Bebek Air,1582,386,1968,3.94,21.7,Kemarau,37.6,45.8,0.0,47,44,1327
2025-06-24,Bebek Ratu + Bebek Air,1582,386,1968,3.94,21.6,Kemarau,36.2,44.5,0.0,47,44,1392
2025-06-27,Bebek Ratu + Bebek Air,1582,386,1968,3.94,21.1,Normal,29.9,66.6,3.6,47,44,2035
2025-06-29,Bebek Ratu + Bebek Air,1582,386,1968,3.94,20.7,Normal,30.5,65.7,6.9,47,44,1878
2025-06-30,Bebek Ratu + Bebek Air,1582,386,1968,3.94,22.5,Kemarau,37.2,42.2,0.0,47,44,1345
2025-07-02,Bebek Ratu + Bebek Air,1582,386,1968,3.94,20.2,Normal,30.4,65.3,0.4,48,45,2067
2025-07-03,Bebek Ratu + Bebek Air,1582,386,1968,3.94,23.8,Normal,29.3,64.0,0.2,48,45,1938
2025-07-06,Bebek Ratu + Bebek Air,1582,386,1968,3.94,20.6,Normal,29.4,64.7,9.0,48,45,2075
2025-07-08,Bebek Ratu + Bebek Air,1582,386,1968,3.94,24.4,Kemarau,38.4,43.9,0.0,48,45,1419
2025-07-12,Bebek Ratu + Bebek Air,1582,386,1968,3.94,24.9,Kemarau,37.5,47.0,0.0,48,45,1487
2025-07-14,Bebek Ratu + Bebek Air,1582,386,1968,3.94,21.9,Normal,29.1,68.8,3.9,48,45,1937
2025-07-17,Bebek Ratu + Bebek Air,1582,386,1968,3.94,20.8,Kemarau,36.9,45.2,0.0,48,45,1362
2025-07-19,Bebek Ratu + Bebek Air,1582,386,1968,3.94,23.8,Kemarau,37.4,45.3,0.0,48,45,1371
2025-07-22,Bebek Ratu + Bebek Air,1582,386,1968,3.94,21.5,Kemarau,38.1,44.6,0.0,48,45,1362
2025-07-25,Bebek Ratu + Bebek Air,1582,386,1968,3.94,20.3,Kemarau,36.6,43.2,0.0,48,45,1445
2025-07-26,Bebek Ratu + Bebek Air,1582,386,1968,3.94,22.8,Normal,29.2,64.6,9.7,48,45,2142
2025-07-28,Bebek Ratu + Bebek Air,1582,386,1968,3.94,20.7,Kemarau,36.9,45.5,0.0,48,45,1386
2025-08-02,Bebek Ratu + Bebek Air,1582,386,1968,3.94,22.4,Kemarau,37.1,45.8,0.0,49,46,1426
2025-08-07,Bebek Ratu + Bebek Air,1582,386,1968,3.94,24.4,Kemarau,37.0,48.0,0.0,49,46,1346
2025-08-08,Bebek Ratu + Bebek Air,1582,386,1968,3.94,23.1,Kemarau,37.6,45.4,0.0,49,46,1354
2025-08-09,Bebek Ratu + Bebek Air,1582,386,1968,3.94,20.2,Kemarau,36.5,44.4,0.0,49,46,1366
2025-08-11,Bebek Ratu + Bebek Air,1582,386,1968,3.94,21.1,Kemarau,37.2,45.3,0.0,49,46,1371
2025-08-12,Bebek Ratu + Bebek Air,1582,386,1968,3.94,22.7,Normal,30.4,68.5,7.2,49,46,2159
2025-08-17,Bebek Ratu + Bebek Air,1582,386,1968,3.94,24.0,Kemarau,38.2,42.8,0.0,49,46,1442
2025-08-19,Bebek Ratu + Bebek Air,1582,386,1968,3.94,21.4,Kemarau,36.3,46.8,0.0,49,46,1432
2025-08-21,Bebek Ratu + Bebek Air,1582,386,1968,3.94,20.7,Kemarau,38.2,47.7,0.0,49,46,1321
2025-08-22,Bebek Ratu + Bebek Air,1582,386,1968,3.94,22.4,Kemarau,37.2,47.9,0.0,49,46,1484
2025-08-24,Bebek Ratu + Bebek Air,1582,386,1968,3.94,21.9,Kemarau,38.2,45.5,0.0,49,46,1425
2025-08-25,Bebek Ratu + Bebek Air,1582,386,1968,3.94,21.9,Normal,29.1,64.2,7.6,49,46,2188
2025-08-26,Bebek Ratu + Bebek Air,1582,386,1968,3.94,22.9,Kemarau,37.3,45.0,0.0,49,46,1476
2025-08-27,Bebek Ratu + Bebek Air,1582,386,1968,3.94,22.0,Kemarau,38.2,47.9,0.0,49,46,1465
2025-08-29,Bebek Ratu + Bebek Air,1582,386,1968,3.94,24.8,Normal,30.2,67.6,5.7,49,46,2051
2025-09-05,Bebek Ratu + Bebek Air,1582,386,1968,3.94,24.3,Kemarau,36.5,42.7,0.0,50,47,1304
2025-09-06,Bebek Ratu + Bebek Air,1582,386,1968,3.94,24.5,Kemarau,37.1,47.1,0.0,50,47,1375
2025-09-07,Bebek Ratu + Bebek Air,1582,386,1968,3.94,22.2,Kemarau,36.2,47.3,0.0,50,47,1403
2025-09-08,Bebek Ratu + Bebek Air,1582,386,1968,3.94,20.1,Normal,29.5,66.8,9.3,50,47,1924
2025-09-10,Bebek Ratu + Bebek Air,1582,386,1968,3.94,23.6,Kemarau,37.2,46.1,0.0,50,47,1469
2025-09-11,Bebek Ratu + Bebek Air,1582,386,1968,3.94,21.8,Normal,29.9,63.8,3.0,50,47,1988
2025-09-14,Bebek Ratu + Bebek Air,1582,386,1968,3.94,21.1,Kemarau,38.0,43.7,0.0,50,47,1441
2025-09-18,Bebek Ratu + Bebek Air,1582,386,1968,3.94,23.4,Normal,30.4,63.1,10.0,50,47,1976
2025-09-24,Bebek Ratu + Bebek Air,1582,386,1968,3.94,20.1,Kemarau,38.1,43.8,0.0,50,47,1490
2025-09-25,Bebek Ratu + Bebek Air,1582,386,1968,3.94,20.7,Normal,30.0,68.0,7.4,50,47,1969
2025-10-04,Bebek Ratu + Bebek Air,1582,386,1968,3.94,29.3,Hujan,23.6,96.6,36.7,51,48,689
2025-10-06,Bebek Ratu + Bebek Air,1582,386,1968,3.94,28.5,Hujan,23.8,95.7,14.5,51,48,634
2025-10-07,Bebek Ratu + Bebek Air,1582,386,1968,3.94,27.2,Hujan,22.6,94.4,26.9,51,48,632
2025-10-09,Bebek Ratu + Bebek Air,1582,386,1968,3.94,29.8,Hujan,23.0,92.7,42.5,51,48,615
2025-10-11,Bebek Ratu + Bebek Air,1582,386,1968,3.94,21.5,Normal,28.6,68.7,5.2,51,48,1898
2025-10-12,Bebek Ratu + Bebek Air,1582,386,1968,3.94,29.1,Hujan,22.6,95.0,42.0,51,48,615
2025-10-14,Bebek Ratu + Bebek Air,1582,386,1968,3.94,21.5,Normal,28.6,63.4,4.0,51,48,2074
2025-10-15,Bebek Ratu + Bebek Air,1582,386,1968,3.94,24.6,Normal,29.0,64.7,8.0,51,48,1894
2025-10-16,Bebek Ratu + Bebek Air,1582,386,1968,3.94,28.4,Hujan,23.1,97.4,23.5,51,48,627
2025-10-17,Bebek Ratu + Bebek Air,1582,386,1968,3.94,23.0,Normal,29.0,66.8,9.8,51,48,2047
2025-10-20,Bebek Ratu + Bebek Air,1582,386,1968,3.94,29.7,Hujan,23.0,95.9,15.8,51,48,692
2025-10-21,Bebek Ratu + Bebek Air,1582,386,1968,3.94,23.1,Normal,29.5,65.7,5.9,51,48,2189
2025-10-25,Bebek Ratu + Bebek Air,1582,386,1968,3.94,23.6,Normal,28.6,67.1,2.4,51,48,2105
2025-11-01,Bebek Ratu + Bebek Air,1582,386,1968,3.94,28.6,Hujan,23.7,96.8,32.5,52,49,612
2025-11-05,Bebek Ratu + Bebek Air,1582,386,1968,3.94,28.5,Hujan,22.7,96.7,21.6,52,49,637
2025-11-06,Bebek Ratu + Bebek Air,1582,386,1968,3.94,27.2,Hujan,22.9,92.8,35.6,52,49,646
2025-11-07,Bebek Ratu + Bebek Air,1582,386,1968,3.94,28.5,Hujan,23.6,93.9,11.0,52,49,638
2025-11-08,Bebek Ratu + Bebek Air,1582,386,1968,3.94,27.2,Hujan,22.6,93.7,38.6,52,49,690
2025-11-11,Bebek Ratu + Bebek Air,1582,386,1968,3.94,23.7,Normal,30.2,63.0,2.5,52,49,1864
2025-11-13,Bebek Ratu + Bebek Air,1582,386,1968,3.94,27.8,Hujan,23.0,92.6,25.0,52,49,605
2025-11-15,Bebek Ratu + Bebek Air,1582,386,1968,3.94,29.7,Hujan,23.8,93.9,41.8,52,49,670
2025-11-18,Bebek Ratu + Bebek Air,1582,386,1968,3.94,29.9,Hujan,23.2,97.5,25.7,52,49,689
2025-11-19,Bebek Ratu + Bebek Air,1582,386,1968,3.94,28.2,Hujan,22.6,96.1,30.3,52,49,681
2025-11-21,Bebek Ratu + Bebek Air,1582,386,1968,3.94,27.5,Hujan,23.4,96.2,11.2,52,49,613
2025-11-23,Bebek Ratu + Bebek Air,1582,386,1968,3.94,29.3,Hujan,23.6,96.0,48.7,52,49,673
2025-11-24,Bebek Ratu + Bebek Air,1582,386,1968,3.94,27.3,Hujan,23.9,96.2,22.6,52,49,660
2025-11-25,Bebek Ratu + Bebek Air,1582,386,1968,3.94,28.1,Hujan,23.7,95.9,12.9,52,49,656
2025-11-26,Bebek Ratu + Bebek Air,1582,386,1968,3.94,28.4,Hujan,23.9,95.0,27.9,52,49,623
2025-11-28,Bebek Ratu + Bebek Air,1582,386,1968,3.94,27.2,Hujan,22.8,94.2,25.4,52,49,632
2025-11-29,Bebek Ratu + Bebek Air,1582,386,1968,3.94,29.6,Hujan,23.7,94.5,43.1,52,49,614
2025-11-30,Bebek Ratu + Bebek Air,1582,386,1968,3.94,29.6,Hujan,22.8,95.9,29.4,52,49,651
2025-12-01,Bebek Ratu + Bebek Air,1582,386,1968,3.94,27.9,Hujan,22.8,96.1,34.7,53,50,609
2025-12-02,Bebek Ratu + Bebek Air,1582,386,1968,3.94,21.6,Normal,28.8,66.9,7.4,53,50,2122
2025-12-03,Bebek Ratu + Bebek Air,1582,386,1968,3.94,21.0,Normal,29.8,65.4,7.1,53,50,1827
2025-12-06,Bebek Ratu + Bebek Air,1582,386,1968,3.94,27.2,Hujan,23.8,93.7,25.3,53,50,619
2025-12-09,Bebek Ratu + Bebek Air,1582,386,1968,3.94,24.2,Normal,28.7,66.1,2.7,53,50,1955
2025-12-14,Bebek Ratu + Bebek Air,1582,386,1968,3.94,27.1,Hujan,22.5,94.3,24.2,53,50,631
2025-12-23,Bebek Ratu + Bebek Air,1582,386,1968,3.94,28.2,Hujan,22.7,94.5,30.2,53,50,671
2025-12-26,Bebek Ratu + Bebek Air,1582,386,1968,3.94,28.4,Hujan,23.3,95.6,11.4,53,50,677
2025-12-28,Bebek Ratu + Bebek Air,1582,386,1968,3.94,21.6,Normal,30.4,66.1,6.8,53,50,2116
2025-12-29,Bebek Ratu + Bebek Air,1582,386,1968,3.94,29.9,Hujan,23.7,96.6,31.3,53,50,699
2025-12-30,Bebek Ratu + Bebek Air,1582,386,1968,3.94,24.0,Normal,28.8,63.1,7.7,53,50,1994
2025-12-31,Bebek Ratu + Bebek Air,1582,386,1968,3.94,27.9,Hujan,22.7,93.6,11.7,53,50,656
