fitur,importance
remainder__curah_hujan,0.21211327451671724
remainder__suhu,0.18909379075191668
remainder__pakan_kg,0.18484000245967647
kategori__kondisi_cuaca_Hujan,0.1835880755226601
remainder__kelembapan,0.17022353942937482
kategori__kondisi_cuaca_Normal,0.030801590756264246
kategori__kondisi_cuaca_Kemarau,0.025849888143667017
remainder__usia_ratu_bulan,0.001474254876361436
remainder__usia_air_bulan,0.0014344938351413263
remainder__populasi_ratu,0.00015994633720607445
remainder__kepadatan_kandang,0.00015436560999325003
remainder__populasi_total,0.00014248205486545136
remainder__populasi_air,0.0001242957061561463
